keywords,type,length
#420,hashtags,4
#420allday,hashtags,10
#420community,hashtags,13
#420daily,hashtags,9
#420everyday,hashtags,12
#420family,hashtags,10
#420feed,hashtags,8
#420friendly,hashtags,12
#420life,hashtags,8
#420photography,hashtags,15
#710community,hashtags,13
#710dabs,hashtags,8
#710friendly,hashtags,12
#710life,hashtags,8
#710society,hashtags,11
#californiacannabis,hashtags,19
#caliweed,hashtags,9
#cannabidiol,hashtags,12
#cannabigerol,hashtags,13
#cannabinoid,hashtags,12
#cannabinoidmedicine,hashtags,20
#cannabinoids,hashtags,13
#cannabinoidscience,hashtags,19
#cannabis,hashtags,9
#cannabischannel,hashtags,16
#cannabiscommunity,hashtags,18
#cannabisconcentrates,hashtags,21
#cannabisconnoisseur,hashtags,20
#cannabiscultivation,hashtags,20
#cannabisculture,hashtags,16
#cannabiscup,hashtags,12
#cannabiscures,hashtags,14
#cannabisdaily,hashtags,14
#cannabisedibles,hashtags,16
#cannabiseducation,hashtags,18
#cannabisextracts,hashtags,17
#cannabisgrow,hashtags,13
#cannabisgrower,hashtags,15
#cannabisgrowers,hashtags,16
#cannabishyperemesis,hashtags,20
#cannabisindustry,hashtags,17
#cannabislife,hashtags,13
#cannabislifestyle,hashtags,18
#cannabislove,hashtags,13
#cannabismedicinal,hashtags,18
#cannabisnews,hashtags,13
#cannabisphotography,hashtags,20
#cannabissociety,hashtags,16
#cannabisstrain,hashtags,15
#cannabisstrains,hashtags,16
#cannabutter,hashtags,12
#cannaculture,hashtags,13
#cannafam,hashtags,9
#cannamama,hashtags,10
#cannamom,hashtags,9
#cbd,hashtags,4
#cbdbenefits,hashtags,12
#cbdcommunity,hashtags,13
#cbdflowers,hashtags,11
#cbdgummies,hashtags,11
#cbdhealth,hashtags,10
#cbdlife,hashtags,8
#cbdmovement,hashtags,12
#cbdoil,hashtags,7
#cbdproducts,hashtags,12
#cbdshop,hashtags,8
#cbdwellness,hashtags,12
#chicagocannabis ,hashtags,17
#chicagocannabiscommunity,hashtags,25
#constellationcannabis,hashtags,22
#craftcannabis,hashtags,14
#craftmyhigh,hashtags,12
#d8brand,hashtags,8
#dabsondabs,hashtags,11
#dailystoner,hashtags,12
#delta10,hashtags,8
#delta8,hashtags,7
#delta9,hashtags,7
#denverdabbers,hashtags,14
#dispensary,hashtags,11
#edibles,hashtags,8
#exoticstrains,hashtags,14
#flcannabis,hashtags,11
#flmmj,hashtags,6
#fueledbythc,hashtags,12
#ganja,hashtags,6
#ganjalove,hashtags,10
#girlswhosmoke ,hashtags,15
#hashrosin,hashtags,10
#hempoil,hashtags,8
#highsociety,hashtags,12
#hightimes,hashtags,10
#i502,hashtags,5
#illinoiscannabis,hashtags,17
#indica,hashtags,7
#instaweed,hashtags,10
#jackherer,hashtags,10
#justblazeig,hashtags,12
#kusharmy,hashtags,9
#kushlife,hashtags,9
#legalhigh,hashtags,10
#legalizeit,hashtags,11
#legalweed,hashtags,10
#liveresin,hashtags,10
#liverosin,hashtags,10
#lowtempdabs,hashtags,12
#marihuana,hashtags,10
#marijuana,hashtags,10
#marijuanagrowers,hashtags,17
#maryjane,hashtags,9
#medicalcannabis,hashtags,16
#michigancannabis,hashtags,17
#michiganweed,hashtags,13
#mmjlife,hashtags,8
#mmjpatient,hashtags,11
#mmjpatients,hashtags,12
#mmjstories,hashtags,11
#momsformarijuana,hashtags,17
#momswhosmokeweed,hashtags,17
#ohiomedicalcannabis,hashtags,20
#okcannabis,hashtags,11
#oklahomacannabis,hashtags,17
#oklahomacannabiscommunity,hashtags,26
#oregoncannabis,hashtags,15
#organiccannabis,hashtags,16
#pnwdabbers,hashtags,11
#pothead,hashtags,8
#preroll,hashtags,8
#prerolls,hashtags,9
#puffpuffpass,hashtags,13
#rawlife420,hashtags,11
#rosin,hashtags,6
#rosinrevolution,hashtags,16
#sativa,hashtags,7
#seattlecannabis,hashtags,16
#seattlestoner,hashtags,14
#smokeweed,hashtags,10
#smokeweedeveryday,hashtags,18
#stayhigh,hashtags,9
#stoned,hashtags,7
#stoner,hashtags,7
#stonerbabe,hashtags,11
#stonerbabes,hashtags,12
#stonerchick,hashtags,12
#stonerchicks,hashtags,13
#stonerfam,hashtags,10
#stonergirl,hashtags,11
#stonergirl  ,hashtags,13
#stonergirlcommunity ,hashtags,21
#stonergirlsdoitbetter,hashtags,22
#stonergirlsrock,hashtags,16
#stonermom,hashtags,10
#stonernation,hashtags,13
#stoners,hashtags,8
#terpenes,hashtags,9
#terps,hashtags,6
#thc,hashtags,4
#thccartridges,hashtags,14
#thccarts,hashtags,9
#thcgirls,hashtags,9
#thco,hashtags,5
#thcoil,hashtags,7
#thcvapecartridges,hashtags,18
#trichomes,hashtags,10
#wakeandbake,hashtags,12
#wakenbake,hashtags,10
#wedontsmokethesame,hashtags,19
#weedclan,hashtags,9
#weedcommunity,hashtags,14
#weedculture,hashtags,12
#weeddaily,hashtags,10
#weeddeals,hashtags,10
#weeddrinks,hashtags,11
#weededibles,hashtags,12
#weedfarm,hashtags,9
#weedfeed,hashtags,9
#weedgirl,hashtags,9
#weedgirls,hashtags,10
#weedgram,hashtags,9
#weedhumor,hashtags,10
#weedlife,hashtags,9
#weedlovers,hashtags,11
#weedmemes,hashtags,10
#weedporn,hashtags,9
#weedsmokers,hashtags,12
#weedsociety,hashtags,12
#weedstagram,hashtags,12
#womenincannabis,hashtags,16
#womeninweed ,hashtags,13
#thca,hashtags,5
420 community,keywords,13
420 life,keywords,8
710 dabs,keywords,8
710 friendly,keywords,12
710 life,keywords,8
7/10 society,keywords,12
california cannabis,keywords,19
cali weed,keywords,9
cannabinoid medicine,keywords,20
cannabinoid science,keywords,19
cannabis channel,keywords,16
cannabis community,keywords,18
cannabis concentrates,keywords,21
cannabis connoisseur,keywords,20
cannabis cultivation,keywords,20
cannabis culture,keywords,16
cannabis cup,keywords,12
cannabis cures,keywords,14
cannabis daily,keywords,14
cannabis edibles,keywords,16
cannabis education,keywords,18
cannabis extracts,keywords,17
cannabis grow,keywords,13
cannabis grower,keywords,15
cannabis growers,keywords,16
cannabis hyperemesis,keywords,20
cannabis industry,keywords,17
cannabis life,keywords,13
cannabis lifestyle,keywords,18
cannabis love,keywords,13
cannabis medicinal,keywords,18
cannabis news,keywords,13
cannabis photography,keywords,20
cannabis society,keywords,16
cannabis strain,keywords,15
cannabis strains,keywords,16
canna mom,keywords,9
cbd benefit,keywords,11
cbd community,keywords,13
cbd flowers,keywords,11
cbd gummies,keywords,11
cbd health,keywords,10
cbd life,keywords,8
cbd movement,keywords,12
cbd oil,keywords,7
cbd products,keywords,12
cbd shop,keywords,8
cbd wellness,keywords,12
chicago cannabis,keywords,16
chicago cannabis community,keywords,26
constellation cannabis,keywords,22
craft cannabis,keywords,14
daily stoner,keywords,12
delta 8,keywords,7
delta 9,keywords,7
denver dabbers,keywords,14
florida cannabis,keywords,16
florida medical cannabis,keywords,24
ganja love,keywords,10
girls who smoke,keywords,15
hash rosin,keywords,10
hemp oil,keywords,8
i-502,keywords,5
illinois cannabis,keywords,17
legal weed,keywords,10
live resin,keywords,10
live rosin,keywords,10
low temp dabs,keywords,13
marijuana growers,keywords,17
mary jane,keywords,9
medical cannabis,keywords,16
michigan cannabis,keywords,17
michigan weed,keywords,13
mmj life,keywords,8
mmj patient,keywords,11
mmj patients,keywords,12
mmj stories,keywords,11
moms for marijuana,keywords,18
moms who smoke weed,keywords,19
ohio medical cannabis,keywords,21
ok cannabis,keywords,11
oklahoma cannabis,keywords,17
oklahoma cannabis community,keywords,27
oregon cannabis,keywords,15
organic cannabis,keywords,16
pnw dabbers,keywords,11
pre roll,keywords,8
pre rolls,keywords,9
puff puff pass,keywords,14
seattle cannabis,keywords,16
seattle stoner,keywords,14
smoke weed,keywords,10
smoke weed every day,keywords,20
thc cartridge,keywords,13
thc carts,keywords,9
thc girls,keywords,9
thc oil,keywords,7
thc vape cartridge,keywords,18
wake and bake,keywords,13
wake n' bake,keywords,12
weed clan,keywords,9
weed community,keywords,14
weed culture,keywords,12
weed daily,keywords,10
weed deals,keywords,10
weed drink,keywords,10
weed edible,keywords,11
weed farm,keywords,9
weed girl,keywords,9
weed girls,keywords,10
weed humor,keywords,10
weed life,keywords,9
weed lovers,keywords,11
weed meme,keywords,9
weed porn,keywords,9
weed smokers,keywords,12
weed society,keywords,12
women in cannabis,keywords,17
women in weed,keywords,13
"""4/20""",variations,6
4/20 community,variations,14
4/20-friendly,variations,13
420-friendly,variations,12
"""7/10""",variations,6
7/10 dabs,variations,9
7/10-friendly,variations,13
7/10 friendly,variations,13
7/10 life,variations,9
710-life,variations,8
710 society,variations,11
california weed,variations,15
california marijuana,variations,20
cannabis concentrate,variations,20
cannasseur,variations,10
cannoisseur,variations,11
daily cannabis,variations,14
cannabis edible,variations,15
cannabis extraction,variations,19
cannabis extract,variations,16
cannabis hyperemesis syndrome,variations,29
cannabis as a lifestyle,variations,23
medicinal cannabis,variations,18
cannabis photographer,variations,21
cannabis cultivars,variations,18
cannabis varieties,variations,18
canna butter,variations,12
canna culture,variations,13
canna fam,variations,9
cannabis fam,variations,12
cannabis family,variations,15
cannabis mom,variations,12
cbd benefits,variations,12
cannabidiol community,variations,21
cbd flower,variations,10
inhalable cbd,variations,13
cbd gummy,variations,9
cbd-life,variations,8
cbd oils,variations,8
cbd product,variations,11
cbd dispensary,variations,14
cannabidiol wellness,variations,20
delta-10,variations,8
d10-thc,variations,7
delta-8,variations,7
d8-thc,variations,6
delta-9,variations,7
delta-9-thc,variations,11
delta-9 thc,variations,11
weed store,variations,10
cannabis store,variations,14
cannabis shop,variations,13
weed shop,variations,9
exotic terpenes,variations,15
exotic profile,variations,14
exotic cultivar,variations,15
washington i-502,variations,16
michigan marijuana,variations,18
medical marijuana life,variations,22
medical marijuana patient,variations,25
medical marijuana patients,variations,26
medical marijuana stories,variations,25
ohio cannabis,variations,13
ohio mmj,variations,8
pacific northwest cannabis,variations,26
pre-roll,variations,8
pre-rolls,variations,9
weed rig,variations,8
tetrahydrocannabinol,variations,20
thc cartridges,variations,14
thc cart,variations,8
thc o,variations,5
thc o acetate,variations,13
thc acetate,variations,11
thc vape cart,variations,13
thc vape carts,variations,14
thc vape cartridges,variations,19
weed deal,variations,9
weed drinks,variations,11
weed edibles,variations,12
weed farms,variations,10
weed memes,variations,10
cannabichromene,variations,15
cannabinol,variations,10
cannabitriol,variations,12
